Author,Novel
Андреев,Ангелочек
Андреев,Баргамот и Гараська
Андреев,Бездна
Андреев,Большой шлем
Андреев,В подвале
Андреев,В Сабурове
Андреев,В темную даль
Андреев,Валя
Андреев,Друг
Андреев,Иностранец
Андреев,Кусака
Андреев,Мельком
Андреев,Молодежь
Андреев,На реке
Андреев,Прекрасна жизнь для воскресших
Астафьев,Прокляты и убиты. Книга вторая
Астафьев,Прокляты и убиты. Книга вторая
Астафьев,Прокляты и убиты. Книга вторая
Астафьев,Прокляты и убиты. Книга вторая
Астафьев,Прокляты и убиты. Книга вторая
Астафьев,Прокляты и убиты. Книга вторая
Астафьев,Прокляты и убиты. Книга вторая
Астафьев,Прокляты и убиты. Книга вторая
Астафьев,Прокляты и убиты. Книга вторая
Астафьев,Прокляты и убиты. Книга вторая
Астафьев,Прокляты и убиты. Книга вторая
Астафьев,Прокляты и убиты. Книга вторая
Астафьев,Прокляты и убиты. Книга вторая
Астафьев,Прокляты и убиты. Книга вторая
Астафьев,Прокляты и убиты. Книга вторая
Астафьев,Прокляты и убиты. Книга вторая
Астафьев,Прокляты и убиты. Книга вторая
Астафьев,Прокляты и убиты. Книга вторая
Астафьев,Прокляты и убиты. Книга вторая
Астафьев,Прокляты и убиты. Книга вторая
Астафьев,Прокляты и убиты. Книга вторая
Астафьев,Прокляты и убиты. Книга вторая
Астафьев,Прокляты и убиты. Книга вторая
Астафьев,Прокляты и убиты. Книга вторая
Астафьев,Прокляты и убиты. Книга первая
Астафьев,Прокляты и убиты. Книга первая
Астафьев,Прокляты и убиты. Книга первая
Астафьев,Прокляты и убиты. Книга первая
Астафьев,Прокляты и убиты. Книга первая
Астафьев,Прокляты и убиты. Книга первая
Астафьев,Прокляты и убиты. Книга первая
Астафьев,Прокляты и убиты. Книга первая
Астафьев,Прокляты и убиты. Книга первая
Астафьев,Прокляты и убиты. Книга первая
Астафьев,Прокляты и убиты. Книга первая
Астафьев,Прокляты и убиты. Книга первая
Астафьев,Прокляты и убиты. Книга первая
Бианки,Анютина Утка
Бианки,Бешеный бельчонок
Бианки,Воспитанники
Бианки,Воспитанники
Бианки,Где раки зимуют
Бианки,Глупый вопросы
Бианки,"Гогленок, или три мира"
Бианки,"Два белых, тертий - как снег"
Бианки,Две вороны
Бианки,Дед Мороз и весна
Бианки,Егоркины заботы
Бианки,Как муравьишка домой спешил
Бианки,Как муха медведя от смерти спасла
Бианки,Как я хотел зайцу соли на хвост насыпать
Бианки,Красная горка
Бианки,Кто о чем поет
Бианки,Кузя двухвостый
Бианки,Кукушонок
Бианки,Лай
Бианки,Латка
Бианки,Лесные домишки
Бианки,Лесные разведчики
Бианки,Лупленый бочонок
Бианки,Макс
Бианки,Маленькие рассказы
Бианки,"Метельки, или тысяча и один день"
Бианки,Мой хитрый сынишка
Бианки,Мышонок Пик
Бианки,Наши птицы
Бианки,Небесный слон
Бианки,Непонятный зверь
Бианки,Оранжевое горлышко
Бианки,Оранжевое горлышко
Бианки,Первая охота
Бианки,Плавунчик
Бианки,Подкидыш
Бианки,Про двух охотников
Бианки,Про одного мальчика
Бианки,Прятки
Бианки,Птичьи разговоры
Бианки,Росянка - комариная смерть
Бианки,Рыбий дом
Бианки,Синичкин календарь
Бианки,Сказки зверолова
Бианки,Снежная книга
Бианки,Сова
Бианки,Тайна ночного леса
Бианки,Теремок
Бианки,Хвосты
Бианки,Чей нос лучше
Бианки,Чьи это ноги
Булгаков,Белая гвардия
Булгаков,Белая гвардия
Булгаков,Белая гвардия
Булгаков,Белая гвардия
Булгаков,Белая гвардия
Булгаков,Белая гвардия
Булгаков,Белая гвардия
Булгаков,Белая гвардия
Булгаков,Белая гвардия
Булгаков,Белая гвардия
Булгаков,Белая гвардия
Булгаков,Белая гвардия
Булгаков,Белая гвардия
Булгаков,Белая гвардия
Булгаков,Белая гвардия
Булгаков,Мастер и Маргарита
Булгаков,Мастер и Маргарита
Булгаков,Мастер и Маргарита
Булгаков,Мастер и Маргарита
Булгаков,Мастер и Маргарита
Булгаков,Мастер и Маргарита
Булгаков,Мастер и Маргарита
Булгаков,Мастер и Маргарита
Булгаков,Мастер и Маргарита
Булгаков,Мастер и Маргарита
Булгаков,Мастер и Маргарита
Булгаков,Мастер и Маргарита
Булгаков,Мастер и Маргарита
Булгаков,Мастер и Маргарита
Булгаков,Мастер и Маргарита
Булгаков,Мастер и Маргарита
Булгаков,Мастер и Маргарита
Булгаков,Мастер и Маргарита
Булгаков,Мастер и Маргарита
Булгаков,Мастер и Маргарита
Булгаков,Мастер и Маргарита
Булгаков,Морфий
Булгаков,Морфий
Булычев,Древние тайны
Булычев,Древние тайны
Булычев,Древние тайны
Булычев,Древние тайны
Булычев,Древние тайны
Булычев,Древние тайны
Булычев,Древние тайны
Булычев,Древние тайны
Булычев,Древние тайны
Булычев,Кладезь мудрости
Булычев,Миллион приключений
Булычев,Миллион приключений
Булычев,Миллион приключений
Булычев,Миллион приключений
Булычев,Миллион приключений
Булычев,Миллион приключений
Булычев,Миллион приключений
Булычев,Миллион приключений
Булычев,Миллион приключений
Булычев,Миллион приключений
Булычев,Миллион приключений
Булычев,Миллион приключений
Булычев,Миллион приключений
Булычев,Миллион приключений
Булычев,Миллион приключений
Булычев,Миллион приключений
Булычев,Миллион приключений
Булычев,Миллион приключений
Булычев,Миллион приключений
Булычев,Миллион приключений
Булычев,Тайна третьей планеты
Бунин,На даче
Бунин,На даче
Бунин,На край света
Бунин,Ночной разговор
Бунин,Сны Чанга
Бунин,Сосны
Бунин,Суходол
Бунин,Суходол
Бунин,Танька
Бунин,У истока дней
Бунин,Учитель
Бунин,Учитель
Бунин,Цифры
Васильев,В списках не значился
Васильев,В списках не значился
Васильев,В списках не значился
Васильев,В списках не значился
Васильев,В списках не значился
Васильев,В списках не значился
Васильев,В списках не значился
Васильев,В списках не значился
Васильев,В списках не значился
Васильев,В списках не значился
Васильев,В списках не значился
Васильев,В списках не значился
Васильев,В списках не значился
Васильев,В списках не значился
Васильев,В списках не значился
Васильев,Глухомань
Васильев,Глухомань
Васильев,Глухомань
Васильев,Глухомань
Васильев,Глухомань
Васильев,Глухомань
Васильев,Глухомань
Васильев,Глухомань
Васильев,Глухомань
Васильев,Глухомань
Васильев,Глухомань
Васильев,Глухомань
Васильев,Глухомань
Васильев,Глухомань
Васильев,Глухомань
Васильев,Глухомань
Васильев,Глухомань
Васильев,Глухомань
Васильев,Глухомань
Васильев,Глухомань
Васильев,Глухомань
Васильев,Глухомань
Васильев,Глухомань
Гоголь,Выбранные места из переписки с друзьями
Гоголь,Выбранные места из переписки с друзьями
Гоголь,Выбранные места из переписки с друзьями
Гоголь,Выбранные места из переписки с друзьями
Гоголь,Выбранные места из переписки с друзьями
Гоголь,Выбранные места из переписки с друзьями
Гоголь,Выбранные места из переписки с друзьями
Гоголь,Выбранные места из переписки с друзьями
Гоголь,Записки сумасшедшего
Гоголь,Мертвые души Том первый
Гоголь,Мертвые души Том первый
Гоголь,Мертвые души Том первый
Гоголь,Мертвые души Том первый
Гоголь,Мертвые души Том первый
Гоголь,Мертвые души Том первый
Гоголь,Мертвые души Том первый
Гоголь,Мертвые души Том первый
Гоголь,Мертвые души Том первый
Гоголь,"Повесть о том, как поссорился Иван Иванович с Иваном Никифоровичем"
Гоголь,"Повесть о том, как поссорился Иван Иванович с Иваном Никифоровичем"
Гоголь,Портрет
Гоголь,Портрет
Гоголь,Рим
Гончаров,Обрыв
Гончаров,Обрыв
Гончаров,Обрыв
Гончаров,Обрыв
Гончаров,Обрыв
Гончаров,Обрыв
Гончаров,Обрыв
Гончаров,Обрыв
Гончаров,Обрыв
Гончаров,Обрыв
Гончаров,Обрыв
Гончаров,Обрыв
Гончаров,Обрыв
Гончаров,Обрыв
Гончаров,Обрыв
Гончаров,Обрыв
Гончаров,Обрыв
Гончаров,Обрыв
Гончаров,Обрыв
Гончаров,Обрыв
Гончаров,Обрыв
Гончаров,Обрыв
Гончаров,Обрыв
Гончаров,Обрыв
Гончаров,Обрыв
Гончаров,Обрыв
Гончаров,Обрыв
Гончаров,Обрыв
Гончаров,Обрыв
Гончаров,Обрыв
Гончаров,Обрыв
Гончаров,Обрыв
Гончаров,Обрыв
Гончаров,Обрыв
Гончаров,Обрыв
Гончаров,Обрыв
Гончаров,Обрыв
Гончаров,Обрыв
Гончаров,Обрыв
Гончаров,Обрыв
Гончаров,Обрыв
Гончаров,Обрыв
Гончаров,Обрыв
Гончаров,Обрыв
Горький,В людях
Горький,В людях
Горький,В людях
Горький,В людях
Горький,В людях
Горький,В людях
Горький,В людях
Горький,В людях
Горький,В людях
Горький,В людях
Горький,В людях
Горький,В людях
Горький,В людях
Горький,В людях
Горький,Мать
Горький,Мать
Горький,Мать
Горький,Мать
Горький,Мать
Горький,Мать
Горький,Мать
Горький,Мать
Горький,Мать
Горький,Мать
Горький,Мать
Горький,Мать
Горький,Мать
Горький,Мать
Горький,Мать
Горький,Мать
Горький,Мать
Горький,Мать
Горький,Мать
Горький,Мать
Горький,Челкаш
Горький,Челкаш
Достоевский,Бедные люди
Достоевский,Бедные люди
Достоевский,Бедные люди
Достоевский,Бедные люди
Достоевский,Бедные люди
Достоевский,Бедные люди
Достоевский,Бедные люди
Достоевский,Братья Карамазовы
Достоевский,Братья Карамазовы
Достоевский,Братья Карамазовы
Достоевский,Братья Карамазовы
Достоевский,Братья Карамазовы
Достоевский,Братья Карамазовы
Достоевский,Братья Карамазовы
Достоевский,Братья Карамазовы
Достоевский,Братья Карамазовы
Достоевский,Братья Карамазовы
Достоевский,Братья Карамазовы
Достоевский,Братья Карамазовы
Достоевский,Братья Карамазовы
Достоевский,Братья Карамазовы
Достоевский,Братья Карамазовы
Достоевский,Братья Карамазовы
Достоевский,Братья Карамазовы
Достоевский,Братья Карамазовы
Достоевский,Братья Карамазовы
Достоевский,Братья Карамазовы
Достоевский,Братья Карамазовы
Достоевский,Братья Карамазовы
Достоевский,Братья Карамазовы
Достоевский,Братья Карамазовы
Достоевский,Братья Карамазовы
Достоевский,Братья Карамазовы
Достоевский,Братья Карамазовы
Достоевский,Братья Карамазовы
Достоевский,Братья Карамазовы
Достоевский,Братья Карамазовы
Достоевский,Братья Карамазовы
Достоевский,Братья Карамазовы
Достоевский,Братья Карамазовы
Достоевский,Братья Карамазовы
Достоевский,Братья Карамазовы
Достоевский,Братья Карамазовы
Достоевский,Братья Карамазовы
Достоевский,Братья Карамазовы
Достоевский,Братья Карамазовы
Достоевский,Братья Карамазовы
Достоевский,Братья Карамазовы
Достоевский,Братья Карамазовы
Достоевский,Братья Карамазовы
Достоевский,Братья Карамазовы
Достоевский,Братья Карамазовы
Достоевский,Братья Карамазовы
Достоевский,Братья Карамазовы
Достоевский,Братья Карамазовы
Житков,Механик Салерно
Житков,Механик Салерно
Житков,Про обезьянку
Житков,Про слона
Житков,Что я видел
Житков,Что я видел
Житков,Что я видел
Житков,Что я видел
Житков,Что я видел
Житков,Что я видел
Житков,Что я видел
Житков,Что я видел
Житков,Что я видел
Житков,Что я видел
Житков,Что я видел
Житков,Что я видел
Житков,Что я видел
Житков,Что я видел
Житков,Что я видел
Житков,Что я видел
Житков,Что я видел
Житков,Что я видел
Житков,Что я видел
Замятин,Бич Божий
Замятин,Бич Божий
Замятин,Бич Божий
Замятин,Бич Божий
Замятин,Герберт Уэллс
Замятин,Дракон
Замятин,Икс
Замятин,Лев
Замятин,Ловец человеков
Замятин,Мы
Замятин,Мы
Замятин,Мы
Замятин,Мы
Замятин,Мы
Замятин,Мы
Замятин,Мы
Замятин,Мы
Замятин,Мы
Замятин,На куличках
Замятин,На куличках
Замятин,На куличках
Замятин,На куличках
Замятин,На куличках
Карамзин,Бедная Лиза
Карамзин,Генриада
Карамзин,Граф NN
Карамзин,Граф нашего времени
Карамзин,Достопамятная жизнь девицы Клариссы Гарлов
Карамзин,Марфа-Посадница или Покорение Новагорода
Карамзин,Марфа-Посадница или Покорение Новагорода
Карамзин,Мелодор к Филалету
Карамзин,Моя исповель
Карамзин,Наталья боярская дочь
Карамзин,Находить в самых обыкновенных вещах пиитическую сторону
Карамзин,Неистовый Роланд
Карамзин,несколько слов о русской литературе
Карамзин,"Нечто о науках, искусствах и просвещении"
Карамзин,"О сравнении древней, а особливо греческой, с немецкою и новейшею литературою"
Карамзин,О Шекспире
Карамзин,"Опыт нынешнего естественного, гражданского и политического состояния Швейцарии"
Карамзин,Остров Бронгольм
Карамзин,От издателя к читателям
Карамзин,Письма русского путешественника
Карамзин,Письма русского путешественника
Карамзин,Письма русского путешественника
Карамзин,Письма русского путешественника
Карамзин,Письма русского путешественника
Карамзин,Письма русского путешественника
Карамзин,Письма русского путешественника
Карамзин,Письма русского путешественника
Карамзин,Письма русского путешественника
Карамзин,Письма русского путешественника
Карамзин,Письма русского путешественника
Карамзин,Письма русского путешественника
Карамзин,Письма русского путешественника
Карамзин,Письма русского путешественника
Карамзин,Письма русского путешественника
Карамзин,Письма русского путешественника
Карамзин,Письма русского путешественника
Карамзин,Письма русского путешественника
Карамзин,Письма русского путешественника
Карамзин,Письма русского путешественника
Карамзин,Письма русского путешественника
Карамзин,Письма русского путешественника
Карамзин,Письма русского путешественника
Лермонтов,Бэла
Лермонтов,Вадим
Лермонтов,Вадим
Лермонтов,Княжна Мери
Лермонтов,Княжна Мери
Лермонтов,Княжна Мери
Лермонтов,Штосс
Лермонтов,Я хочу рассказать вам
Лукьяненко,Дневной дозор
Лукьяненко,Дневной дозор
Лукьяненко,Дневной дозор
Лукьяненко,Дневной дозор
Лукьяненко,Дневной дозор
Лукьяненко,Дневной дозор
Лукьяненко,Дневной дозор
Лукьяненко,Дневной дозор
Лукьяненко,Дневной дозор
Лукьяненко,Дневной дозор
Лукьяненко,Дневной дозор
Лукьяненко,Дневной дозор
Лукьяненко,Дневной дозор
Лукьяненко,Дневной дозор
Лукьяненко,Дневной дозор
Лукьяненко,Дневной дозор
Лукьяненко,Дневной дозор
Лукьяненко,Дневной дозор
Лукьяненко,Дневной дозор
Лукьяненко,Дневной дозор
Лукьяненко,Дневной дозор
Лукьяненко,Дневной дозор
Лукьяненко,Дневной дозор
Лукьяненко,Дневной дозор
Лукьяненко,Дневной дозор
Лукьяненко,Дневной дозор
Лукьяненко,Дневной дозор
Лукьяненко,Дневной дозор
Лукьяненко,Дневной дозор
Лукьяненко,Дневной дозор
Лукьяненко,Звезды - холодные игрушки
Лукьяненко,Звезды - холодные игрушки
Лукьяненко,Звезды - холодные игрушки
Лукьяненко,Звезды - холодные игрушки
Лукьяненко,Звезды - холодные игрушки
Лукьяненко,Звезды - холодные игрушки
Лукьяненко,Звезды - холодные игрушки
Лукьяненко,Звезды - холодные игрушки
Лукьяненко,Звезды - холодные игрушки
Лукьяненко,Звезды - холодные игрушки
Лукьяненко,Звезды - холодные игрушки
Лукьяненко,Звезды - холодные игрушки
Лукьяненко,Звезды - холодные игрушки
Лукьяненко,Звезды - холодные игрушки
Лукьяненко,Звезды - холодные игрушки
Лукьяненко,Звезды - холодные игрушки
Лукьяненко,Звезды - холодные игрушки
Лукьяненко,Звезды - холодные игрушки
Лукьяненко,Звезды - холодные игрушки
Лукьяненко,Звезды - холодные игрушки
Лукьяненко,Звезды - холодные игрушки
Лукьяненко,Звезды - холодные игрушки
Лукьяненко,Звезды - холодные игрушки
Лукьяненко,Звезды - холодные игрушки
Лукьяненко,Звезды - холодные игрушки
Лукьяненко,Звезды - холодные игрушки
Лукьяненко,Звезды - холодные игрушки
Лукьяненко,Звезды - холодные игрушки
Лукьяненко,Звезды - холодные игрушки
Лукьяненко,Звезды - холодные игрушки
Лукьяненко,Звезды - холодные игрушки
Набоков,Дар
Набоков,Дар
Набоков,Дар
Набоков,Дар
Набоков,Дар
Набоков,Дар
Набоков,Дар
Набоков,Дар
Набоков,Дар
Набоков,Дар
Набоков,Дар
Набоков,Другие берега
Набоков,Другие берега
Набоков,Другие берега
Набоков,Другие берега
Набоков,Подвиг
Набоков,Подвиг
Набоков,Подвиг
Набоков,Подвиг
Набоков,Подвиг
Набоков,Подвиг
Набоков,Приглашение на казнь
Набоков,Приглашение на казнь
Набоков,Приглашение на казнь
Набоков,Приглашение на казнь
Набоков,Приглашение на казнь
Набоков,Приглашение на казнь
Набоков,Совершенство
Набоков,Соглядатай
Набоков,Соглядатай
Носов,Витя Малеев в школе и дома
Носов,Витя Малеев в школе и дома
Носов,Витя Малеев в школе и дома
Носов,Витя Малеев в школе и дома
Носов,Витя Малеев в школе и дома
Носов,Витя Малеев в школе и дома
Носов,Витя Малеев в школе и дома
Носов,Витя Малеев в школе и дома
Носов,Витя Малеев в школе и дома
Носов,Витя Малеев в школе и дома
Носов,Приключения Незнайки на Луне
Носов,Приключения Незнайки на Луне
Носов,Приключения Незнайки на Луне
Носов,Приключения Незнайки на Луне
Носов,Приключения Незнайки на Луне
Носов,Приключения Незнайки на Луне
Носов,Приключения Незнайки на Луне
Носов,Приключения Незнайки на Луне
Носов,Приключения Незнайки на Луне
Носов,Приключения Незнайки на Луне
Носов,Приключения Незнайки на Луне
Носов,Приключения Незнайки на Луне
Носов,Приключения Незнайки на Луне
Носов,Приключения Незнайки на Луне
Носов,Приключения Незнайки на Луне
Носов,Приключения Незнайки на Луне
Носов,Приключения Незнайки на Луне
Носов,Приключения Незнайки на Луне
Носов,Приключения Незнайки на Луне
Носов,Приключения Незнайки на Луне
Носов,Приключения Незнайки на Луне
Носов,Приключения Незнайки на Луне
Платонов,В прекрасном и яростном мире
Платонов,Размышления читателя
Платонов,Размышления читателя
Платонов,Размышления читателя
Платонов,Размышления читателя
Платонов,Размышления читателя
Платонов,Размышления читателя
Платонов,Размышления читателя
Платонов,Размышления читателя
Платонов,Чевенгур
Платонов,Чевенгур
Платонов,Чевенгур
Платонов,Чевенгур
Платонов,Чевенгур
Платонов,Чевенгур
Платонов,Чевенгур
Платонов,Чевенгур
Платонов,Чевенгур
Платонов,Чевенгур
Платонов,Чевенгур
Платонов,Чевенгур
Платонов,Чевенгур
Платонов,Чевенгур
Платонов,Чевенгур
Платонов,Чевенгур
Платонов,Чевенгур
Платонов,Чевенгур
Платонов,Чевенгур
Платонов,Юшка
Пришвин,Зеленый шум
Пришвин,Зеленый шум
Пришвин,Зеленый шум
Пришвин,Зеленый шум
Пришвин,Зеленый шум
Пришвин,Зеленый шум
Пришвин,Зеленый шум
Пришвин,Зеленый шум
Пришвин,Зеленый шум
Пришвин,Зеленый шум
Пришвин,Зеленый шум
Пришвин,Зеленый шум
Пришвин,Зеленый шум
Пришвин,Зеленый шум
Пришвин,Зеленый шум
Пришвин,Зеленый шум
Пришвин,Зеленый шум
Пришвин,Зеленый шум
Пришвин,Зеленый шум
Пришвин,Зеленый шум
Пришвин,Зеленый шум
Пришвин,Зеленый шум
Пришвин,Зеленый шум
Пришвин,Зеленый шум
Пришвин,Зеленый шум
Пришвин,Зеленый шум
Пришвин,Зеленый шум
Пушкин,Гробовщик
Пушкин,История села Горюхина
Пушкин,Капитанская дочка
Пушкин,Капитанская дочка
Пушкин,Капитанская дочка
Пушкин,Капитанская дочка
Пушкин,Капитанская дочка
Пушкин,Капитанская дочка
Пушкин,Кирджали
Пушкин,Марья Шонинг
Пушкин,Метель
Пушкин,На углу маленькой площади
Пушкин,Пиковая Дама
Пушкин,Повесть из римской жизни
Пушкин,Путешествие в Арзум
Пушкин,Путешествие в Арзум
Пушкин,Путешествие в Арзум
Пушкин,Путешествия
Пушкин,Роман в письмах
Пушкин,Рославлев
Пушкин,Станционный смотритель
Распутин,Видение
Распутин,Встреча
Распутин,Живи и помни
Распутин,Живи и помни
Распутин,Живи и помни
Распутин,Живи и помни
Распутин,Живи и помни
Распутин,Живи и помни
Распутин,Живи и помни
Распутин,Живи и помни
Распутин,Живи и помни
Распутин,Живи и помни
Распутин,Живи и помни
Распутин,Живи и помни
Распутин,Живи и помни
Распутин,На родине
Распутин,Прощание с Матерой
Распутин,Прощание с Матерой
Распутин,Прощание с Матерой
Распутин,Прощание с Матерой
Распутин,Прощание с Матерой
Распутин,Прощание с Матерой
Распутин,Прощание с Матерой
Распутин,Прощание с Матерой
Распутин,Прощание с Матерой
Распутин,Прощание с Матерой
Распутин,Прощание с Матерой
Распутин,Прощание с Матерой
Распутин,Уроки французского
Скребицкий,Лесной прадедушка
Скребицкий,Лесной прадедушка
Скребицкий,Лесной прадедушка
Скребицкий,Лесной прадедушка
Скребицкий,Лесной прадедушка
Скребицкий,Лесной прадедушка
Скребицкий,Лесной прадедушка
Скребицкий,Лесной прадедушка
Скребицкий,Лесной прадедушка
Скребицкий,Лесной прадедушка
Скребицкий,Лесной прадедушка
Скребицкий,Лесной прадедушка
Скребицкий,Лесной прадедушка
Скребицкий,Лесной прадедушка
Скребицкий,Лесной прадедушка
Скребицкий,От первых проталин до первой грозы
Скребицкий,От первых проталин до первой грозы
Скребицкий,От первых проталин до первой грозы
Скребицкий,От первых проталин до первой грозы
Скребицкий,От первых проталин до первой грозы
Скребицкий,От первых проталин до первой грозы
Скребицкий,От первых проталин до первой грозы
Скребицкий,От первых проталин до первой грозы
Скребицкий,От первых проталин до первой грозы
Скребицкий,От первых проталин до первой грозы
Скребицкий,От первых проталин до первой грозы
Скребицкий,От первых проталин до первой грозы
Скребицкий,От первых проталин до первой грозы
Скребицкий,От первых проталин до первой грозы
Скребицкий,От первых проталин до первой грозы
Скребицкий,От первых проталин до первой грозы
Скребицкий,От первых проталин до первой грозы
Скребицкий,От первых проталин до первой грозы
Скребицкий,От первых проталин до первой грозы
Скребицкий,От первых проталин до первой грозы
Солженицын,В круге первом
Солженицын,В круге первом
Солженицын,В круге первом
Солженицын,В круге первом
Солженицын,В круге первом
Солженицын,В круге первом
Солженицын,В круге первом
Солженицын,В круге первом
Солженицын,В круге первом
Солженицын,В круге первом
Солженицын,В круге первом
Солженицын,В круге первом
Солженицын,В круге первом
Солженицын,В круге первом
Солженицын,В круге первом
Солженицын,В круге первом
Солженицын,В круге первом
Солженицын,В круге первом
Солженицын,В круге первом
Солженицын,В круге первом
Солженицын,В круге первом
Солженицын,В круге первом
Солженицын,В круге первом
Солженицын,В круге первом
Солженицын,Матренин двор
Солженицын,Матренин двор
Солженицын,Один день Ивана Денисовича
Солженицын,Один день Ивана Денисовича
Солженицын,Один день Ивана Денисовича
Солженицын,Один день Ивана Денисовича
Солженицын,Один день Ивана Денисовича
Солженицын,Один день Ивана Денисовича
Солженицын,Один день Ивана Денисовича
Солженицын,Один день Ивана Денисовича
Сологуб,Мелкий бес
Сологуб,Мелкий бес
Сологуб,Мелкий бес
Сологуб,Мелкий бес
Сологуб,Мелкий бес
Сологуб,Мелкий бес
Сологуб,Мелкий бес
Сологуб,Мелкий бес
Сологуб,Мелкий бес
Сологуб,Мелкий бес
Сологуб,Мелкий бес
Сологуб,Мелкий бес
Сологуб,Мелкий бес
Сологуб,Мелкий бес
Сологуб,Мелкий бес
Сологуб,Мелкий бес
Сологуб,Мелкий бес
Сологуб,Мелкий бес
Сологуб,Тяжёлые сны
Сологуб,Тяжёлые сны
Сологуб,Тяжёлые сны
Сологуб,Тяжёлые сны
Сологуб,Тяжёлые сны
Сологуб,Тяжёлые сны
Сологуб,Тяжёлые сны
Сологуб,Тяжёлые сны
Сологуб,Тяжёлые сны
Сологуб,Тяжёлые сны
Сологуб,Тяжёлые сны
Сологуб,Тяжёлые сны
Сологуб,Тяжёлые сны
Сологуб,Тяжёлые сны
Сологуб,Тяжёлые сны
Сологуб,Тяжёлые сны
Сологуб,Тяжёлые сны
Сологуб,Тяжёлые сны
Сологуб,Тяжёлые сны
Сологуб,Тяжёлые сны
Сологуб,Тяжёлые сны
Сологуб,Тяжёлые сны
Толстой,Анна Каренина
Толстой,Анна Каренина
Толстой,Анна Каренина
Толстой,Анна Каренина
Толстой,Анна Каренина
Толстой,Анна Каренина
Толстой,Анна Каренина
Толстой,Анна Каренина
Толстой,Анна Каренина
Толстой,Анна Каренина
Толстой,Анна Каренина
Толстой,Анна Каренина
Толстой,Анна Каренина
Толстой,Анна Каренина
Толстой,Анна Каренина
Толстой,Анна Каренина
Толстой,Анна Каренина
Толстой,Анна Каренина
Толстой,Анна Каренина
Толстой,Анна Каренина
Толстой,Анна Каренина
Толстой,Анна Каренина
Толстой,Анна Каренина
Толстой,Анна Каренина
Толстой,Анна Каренина
Толстой,Анна Каренина
Толстой,Анна Каренина
Толстой,Анна Каренина
Толстой,Анна Каренина
Толстой,Анна Каренина
Толстой,Анна Каренина
Толстой,Анна Каренина
Толстой,Анна Каренина
Толстой,Анна Каренина
Толстой,Анна Каренина
Толстой,Анна Каренина
Толстой,Анна Каренина
Толстой,Анна Каренина
Толстой,Анна Каренина
Толстой,Анна Каренина
Толстой,Анна Каренина
Толстой,Анна Каренина
Толстой,Анна Каренина
Толстой,Анна Каренина
Толстой,Анна Каренина
Толстой,Анна Каренина
Толстой,Анна Каренина
Толстой,Анна Каренина
Тургенев,Дворянское гнездо
Тургенев,Дворянское гнездо
Тургенев,Дворянское гнездо
Тургенев,Дворянское гнездо
Тургенев,Дворянское гнездо
Тургенев,Дворянское гнездо
Тургенев,Дворянское гнездо
Тургенев,Записки охотника
Тургенев,Записки охотника
Тургенев,Записки охотника
Тургенев,Записки охотника
Тургенев,Записки охотника
Тургенев,Записки охотника
Тургенев,Записки охотника
Тургенев,Записки охотника
Тургенев,Записки охотника
Тургенев,Записки охотника
Тургенев,Записки охотника
Тургенев,Записки охотника
Тургенев,Записки охотника
Тургенев,Записки охотника
Тургенев,Записки охотника
Тургенев,Записки охотника
Тургенев,Записки охотника
Тургенев,Записки охотника
Тургенев,Записки охотника
Тургенев,Записки охотника
Тургенев,Накануне
Тургенев,Накануне
Тургенев,Накануне
Тургенев,Накануне
Тургенев,Накануне
Тургенев,Накануне
Тургенев,Накануне
Тургенев,Накануне
Тургенев,Накануне
Чернышевский,Что делать
Чернышевский,Что делать
Чернышевский,Что делать
Чернышевский,Что делать
Чернышевский,Что делать
Чернышевский,Что делать
Чернышевский,Что делать
Чернышевский,Что делать
Чернышевский,Что делать
Чернышевский,Что делать
Чернышевский,Что делать
Чернышевский,Что делать
Чернышевский,Что делать
Чернышевский,Что делать
Чернышевский,Что делать
Чернышевский,Что делать
Чернышевский,Что делать
Чернышевский,Что делать
Чернышевский,Что делать
Чернышевский,Что делать
Чернышевский,Что делать
Чернышевский,Что делать
Чехов,О любви
Чехов,Случай из практики
Чехов,Три года
Чехов,Три года
Чехов,Три года
Чехов,Три года
Чехов,Человек в футляре
Чехов,Человек в футляре
Чехов,Человек в футляре
Чехов,Человек в футляре
Чехов,Человек в футляре
Чехов,Человек в футляре
Чехов,Человек в футляре
Чехов,Человек в футляре
Чехов,Человек в футляре
Чехов,Человек в футляре
Чехов,Человек в футляре
Чехов,Человек в футляре
Чехов,Человек в футляре
Чехов,Человек в футляре
Чехов,Человек в футляре
Чехов,Человек в футляре
Чехов,Человек в футляре
Чехов,Человек в футляре
Чехов,Человек в футляре
Чехов,Человек в футляре
Чехов,Человек в футляре
Чехов,Человек в футляре
Чехов,Человек в футляре
Чехов,Человек в футляре
Чехов,Человек в футляре
Чехов,Человек в футляре
Шолохов,Тихий дон. Вторая книга
Шолохов,Тихий дон. Вторая книга
Шолохов,Тихий дон. Вторая книга
Шолохов,Тихий дон. Вторая книга
Шолохов,Тихий дон. Вторая книга
Шолохов,Тихий дон. Вторая книга
Шолохов,Тихий дон. Вторая книга
Шолохов,Тихий дон. Вторая книга
Шолохов,Тихий дон. Вторая книга
Шолохов,Тихий дон. Вторая книга
Шолохов,Тихий дон. Вторая книга
Шолохов,Тихий дон. Вторая книга
Шолохов,Тихий дон. Вторая книга
Шолохов,Тихий дон. Вторая книга
Шолохов,Тихий дон. Вторая книга
Шолохов,Тихий дон. Вторая книга
Шолохов,Тихий дон. Вторая книга
Шолохов,Тихий дон. Вторая книга
Шолохов,Тихий дон. Вторая книга
Шолохов,Тихий дон. Вторая книга
Шолохов,Тихий дон. Вторая книга
Шолохов,Тихий дон. Вторая книга
Шолохов,Тихий дон. Вторая книга
Шолохов,Тихий дон. Третья книга
Шолохов,Тихий дон. Третья книга
Шолохов,Тихий дон. Третья книга
Шолохов,Тихий дон. Третья книга
Шолохов,Тихий дон. Третья книга
Шолохов,Тихий дон. Третья книга
Шолохов,Тихий дон. Третья книга
Шолохов,Тихий дон. Третья книга
Шолохов,Тихий дон. Третья книга
Шолохов,Тихий дон. Третья книга
Шолохов,Тихий дон. Третья книга
Шолохов,Тихий дон. Третья книга
Шолохов,Тихий дон. Третья книга
Шолохов,Тихий дон. Третья книга
Шолохов,Тихий дон. Третья книга
Шолохов,Тихий дон. Третья книга
Шолохов,Тихий дон. Третья книга
Шолохов,Тихий дон. Третья книга
Шолохов,Тихий дон. Третья книга
Шолохов,Тихий дон. Третья книга
Шолохов,Тихий дон. Третья книга
Шолохов,Тихий дон. Третья книга
Шолохов,Тихий дон. Третья книга
Шолохов,Тихий дон. Третья книга
Шолохов,Тихий дон. Третья книга
Шолохов,Тихий дон. Третья книга
Шолохов,Тихий дон. Третья книга
